Cluster,Age,Annual Income (k$),Spending Score (1-100)
0,42.71604938271605,55.2962962962963,49.51851851851852
1,32.69230769230769,86.53846153846153,82.12820512820512
2,25.272727272727273,25.727272727272727,79.36363636363636
3,41.114285714285714,88.2,17.114285714285714
4,45.21739130434783,26.304347826086957,20.91304347826087
